topic_id,top_words,npmi
0,"presiden, prabowo, menteri, jokowi, wapres, subianto, mantan, wakil, menkeu, indonesia",0.4606
1,"resetindonesia, indonesiaberbenah, polisipembunuh, dprbebannegara, semoga, lot, indonesia, indonesiagelap, 1312acab, kakak",0.4606
2,"indonesiagelap, polrimusuhbersama, indonesia, polisipembunuh, sir, bubarkandpr, indonesiareset, indonesiabisa, rakyatbisa, indonesiacemas",0.4606
3,"wargajagawarga, ngeronda, siskamling, bapakbapak, duta, biar, ajang, suami, begadang, malingnya",0.4606
4,"amplifier, tunjangan, rakyat, sumber, dpr, rumah, reformasipolri, resetindonesia, korban, resmi",0.4606
5,"demo, jakarta, gedung, dpr, ri, aksi, massa, demoojol, mahasiswa, dprri",0.4606
6,"nepal, pm, protes, kathmandu, bentrokan, information, larangan, oli, antikorupsi, media",0.4606
7,"bubarkandpr, bubarkandprri, bubar, dpr, bubarkandprsontoloyo, dprbubar, lupa, benaran, bubarkanpolri, idiot",0.4606
8,"stopbayarpajak, pramoedya, toer, ananta, manusia, orang, bubarkandpr, takkan, hidup, tua",0.4606
9,"reformasipolri, reformasi, reformasidikorupsi, reformasidpr, polri, copotkapolri, reformasipolisi, aparat, rakyat, reformasiparlemen",0.4606
10,"rakyat, dpr, tuntutan, perampasan, aset, wakil, unhas, aspirasi, dewan, perwakilan",0.4606
11,"someone, something, or, good, tinggal, teman, jebakan, turun, hatihati, waspada",0.4606
12,"video, viral, cikarang, tiktok, cek, beredar, pashaungu, selengkapnya, utara, lihat",0.4606
13,"chaos, brimob, kaburajadulu, gfawakeconcertd1, eko, uya, propam, patrio, polda, kuya",0.4606
14,"kisses, hugs, and, watching, are, kiss, prerogatif, dewan, anggota, pendapat",0.4606
15,"polisipembunuhrakyat, polisipembunuh, bubarkandpr, polisimusuhbersama, biang, sebarkan, perlawanan, bangkai, lebar, wo",0.4606
16,"kelakuannya, polisinya, masuknya, jual, tentara, sawah, malingnya, sistem, lobi, ngejar",0.4606
17,"abal, ngelindes, edan, temannya, warga, gebukin, gendut, brother, demonstran, nangkep",0.4606
18,"ibuprofen, pertiwi, anak, pink, painkillers, turun, hati, imut, duduk, abai",0.4606
19,"ferry, irwandi, tni, pencemaran, laporkan, nama, siber, institusi, dugaan, pidana",0.4606
20,"bodoh, koar, anjing, sahroni, nasdem, orang, sedunia, fajar, suryo, ahmad",0.4606
21,"mojokerto, lintas, penganiayaan, pengaturan, pagi, sekolah, mati, kota, satlantas, penguasa",0.4606
22,"viral, virus, word, by, mouth, email, an, bekasi, etc, that",0.4606
23,"pangkat, terluka, panglima, panggil, pangkatnya, pangdam, munaf, sherina, kenaikan, tni",0.4606
24,"flatulence, blanked, mata, unisba, nembakin, ndek, large, kena, pakai, mobil",0.4606
25,"laugh, tawa, singapore, britain, nyebrang, rada, force, louis, kc, funny",0.4606
26,"piala, liga, kompetisi, april, presiden, putaran, pssi, grup, klub, nasional",0.4606
27,"motor, maling, hilang, cikarang, dompet, seharga, laporan, ketangkep, kantor, barang",0.4606
28,"indonesia, seram, bisanya, berpihak, berguna, die, minat, manusiawi, keburu, memeras",0.4606
29,"kwa, watu, hii, kifafa, kama, mixed, race, baada, mahakamani, mauaji",0.4606
30,"patroli, polsek, kamtibmas, subang, gangguan, polressubang, blanakan, antisipasi, subangjawabarat, polisicintapetani",0.4606
31,"cilik, polres, menyapa, lomba, polsek, ditlantas, lintas, melaksanakan, polda, desa",0.4606
32,"programming, application, interface, kereta, teriak, lautan, senjata, padam, resiko, revolusi",0.4606
33,"interface, user, bem, universitas, rakyattagihjanji, dprmpr, aksi, mahasiswa, wib, menggelar",0.4606
34,"pengeluaran, pemenang, result, hasil, selamat, sydney, lotto, minggu, evening, york",0.4606
35,"music, convert, light, popular, demokrasi, korean, genre, banding, affankurniawan, berulang",0.4606
36,"exclamation, jeshi, kwa, pizza, vya, habari, kila, mwaka, watu, ila",0.4606
37,"administrator, etc, forum, network, on, beliau, s1, sehat, artificial, skor",0.4606
38,"anjing, dimana, dongeng, rion, wajinga, anjiing, zionist, problematik, janggal, mi",0.4606
39,"rakyat, bubarkandpr, uang, wakil, makan, tuntutan, versus, beraninya, che, dibenturin",0.4606
40,"lulusan, s1, minimal, sweet, dreams, lulus, s3, sogokan, pendidikan, apa",0.4606
41,"pengecut, solidaritasojol, nyali, pengalihan, solidaritas, ojol, pengikut, pengemudi, cuan, strobo",0.4606
42,"1312acab, lawan, dprbebannegara, polisipembunuhrakyat, polisipembunuh, sanksi, menuntut, akses, reses, akbar",0.4606
43,"arrival, dead, on, maulid, kapolri, drs, peringatan, nabi, muhammad, listyo",0.4606
44,"melindas, justiceforaffan, menindas, dibelok, negaraku, affan, melaporkan, pecah, belah, terlibat",0.4606
45,"intelligence, artificial, central, agency, federal, bureau, investigation, disangka, berbasis, deputi",0.4606
46,"reformasipolri, reformasi, reformasidikorupsi, reformasidpr, melayang, turunkanprabowogibran, indonesiareset, indonesiagelap, makasar, indonesia",0.4606
47,"tikus, lumbung, berdasi, beserta, kucing, rebutan, bakar, berlindung, koruptor, light",0.4606
48,"simpulkan, bukti, murni, gamma, pelakunya, laka, unnes, hilang, rilis, cari",0.4606
49,"tolong, bus, halte, teman, tujuan, bantu, utama, fasilitas, fokus, melenceng",0.4606
50,"israel, qatar, telepon, serangan, trump, donald, buy, berbincang, sambungan, peter",0.4606
51,"working, home, from, at, apotek, local, area, pulang, liburan, padel",0.4606
52,"masyarakat, iko, dipercaya, dibunuh, julian, mengobati, jengkel, kurun, menyogok, penjagaan",0.4606
53,"data, lantai, informasi, phantasy, tour, inisiator, jari, hapuskan, dihajar, sidik",0.4606
54,"bank, sopir, miliar, deposit, dana, ditangkap, rp10, cabang, bonus, role",0.4606
55,"mafia, introvert, gangster, batman, iron, black, formula, asian, one, popular",0.4606
56,"stoppolicebrutality, acab1312, zonauang, polisipembunuhrakyat, macet, polisipembunuh, lonte, pasangan, perintah, jamin",0.4606
57,"harmonis, wujudkan, sinergijagakedamaian, elemen, drs, persatuan, menjaga, dinamika, kesatuan, listyo",0.4606
58,"card, credit, dki, donasi, membangun, get, bertindak, nkri, beban, copot",0.4606
59,"kodam, polisimusuhbersama, polisipembunuhrakyat, dilindas, polisipembunuh, isilop, jancuk, gedungdpr, grab, culik",0.4606
60,"jambi, premanisme, sibuk, integritas, linge, palsu, pedagang, seragam, do, ijasah",0.4606
61,"mental, sdm, mentalnya, rawat, tes, buru, kriminal, organisasi, bayangkan, sir",0.4606
62,"judol, backing, panik, jatah, situs, budi, diurusi, dialihkan, ancam, diurus",0.4606
63,"rakyat, pro, bina, come, tampung, anjng, matikan, gengsi, definisi, polisimiliter",0.4606
64,"laugh, selengkapnya, baca, laughing, silence, ri, anggotanya, dpr, jakarta, senin",0.4606
65,"networking, ronda, pos, wargajagawarga, server, follow, channel, whatsapp, bapakbapak, internet",0.4606
66,"ecstasy, heroin, decarlos, jr, naif, riwayat, charlotte, year, kehakiman, departemen",0.4606
67,"paralytic, rakyatmu, hotel, teralihkan, simpati, dijadikan, artis, isi, palsu, miskin",0.4606
68,"sinergijagakedamaian, ojol, kompak, kota, jaga, kedamaian, adem, benerbener, kerja, keren",0.4606
69,"negara, maluku, urusan, malu, kacau, narasi, pemerintahan, hukum, berlaku, antek",0.4606
70,"act, caught, in, the, berduka, matinya, prayforindonesia, demokrasi, semoga, giveawaynya",0.4606
71,"stop, it, cowok, sampah, keur, hujan, gantungkapolri, kapolrisampah, pacarnya, budi",0.4606
72,"driver, ojol, training, daring, kota, ojek, semarang, servis, meluas, simpang",0.4606
73,"personal, area, network, breaking, news, eko, kuya, uya, patrio, nasdem",0.4606
74,"foto, photoshop, ceritanya, rental, jkt48, upchar, nangkep, fisik, yes, perintah",0.4606
75,"exciting, tiktok, streaming, tik, shopee, snack, tok, buzzer, youtube, dibungkam",0.4606
76,"tumben, kecuali, penerus, ketilang, dinegeri, steal, kesana, mogok, keren, bawaslu",0.4606
77,"motif, indramayu, pembunuhan, keluarga, terkubur, ditemukan, siliwangi, sadis, mengungkap, nomor",0.4606
78,"test, polairud, kedekatan, menjalin, perairan, kutai, sambang, polres, satuan, udara",0.4606
79,"pemerintah, cantik, sehari, berbuat, dipimpin, disewa, nurunin, mengecilkan, denial, pecandu",0.4606
80,"buzzer, makmur, gugat, yusuf, report, kacau, brengsek, gabung, disana, pejabat",0.4606
81,"rumah, sahroni, dinas, eko, stalker, sokan, tiang, asrama, berkunjung, padang",0.4606
82,"result, fyp4d, shio, salingjagabekasi, tanggal, pengeluaran, pemenang, daruratmiliter, september, selamat",0.4606
83,"shoulder, over, boyfriend, kelompok, harap, budaya, dinonaktifkan, gendut, kasihan, sore",0.4606
84,"tune, name, banjir, bali, duka, that, caught, act, in, the",0.4606
85,"pro, kamera, kiss, chip, max, desain, setara, tahan, harga, 120hz",0.4606
86,"drama, korea, melihati, kepala, ibunya, jerome, pura, elit, kelompok, menonton",0.4606
87,"metro, riau, polda, jaya, sherina, klarifikasi, ojolberduka, bekasi, talk, later",0.4606
88,"reshuffle, kabinet, posisi, berangusgengsolo, direshuffle, gunawan, menteri, putih, sjafrie, reshufflekabinet",0.4606
89,"pink, brave, hero, green, hijau, bravepink, warna, makna, of, lot",0.4606
90,"september, medis, rakyattagihjanji, mei, grup, mahasiswa, aksi, november, longmarch, kaltim",0.4606
91,"media, sosial, yaani, isu, malaysia, kwenye, provokasi, memetik, berisiko, disuarakan",0.4606
92,"anjing, bajingan, kacang, mengetik, pekanbaru, polis, voters, perdagangan, kerok, kontrak",0.4606
93,"makassar, dprd, dibakar, gedung, dprmpr, kota, kediri, dprbubar, dprri, massa",0.4606
94,"korupsi, koruptor, uu, aset, sah, perampasan, pelan, penjara, tangkap, ketahuan",0.4606
95,"bilang, grammar, otaknya, pilihan, polisinya, dirazia, cuti, dipisah, monokotil, tamtama",0.4606
96,"alcohol, ke80, upacara, tni, laut, hut, jalesveva, angkatan, kapal, abal",0.4606
97,"guru, kamla, manfaat, kemana, small, ribu, strategi, kementerian, sarjana, pintar",0.4606
98,"moral, penjahat, ame, ok, etika, that, joged, kkn, film, overhauled",0.4606
99,"multi, see, user, you, graphics, computer, kursus, uyu, muri, pistol",0.4606
100,"podcast, keponakan, rahayu, pernyataannya, saraswati, subianto, ucapan, sara, mengundurkan, gerung",0.4606
101,"pizza, nchi, kwa, hii, huduma, yuko, yaani, hili, ibrahim, hakuna",0.4606
102,"development, integrated, environment, bagus, manapun, biji, sarjana, bi, akrab, biar",0.4606
103,"tugasnya, tugas, ytta, ora, tugu, menjalani, basi, ciptakan, blok, kolaborasi",0.4606
104,"kejahatan, faktor, ngopi, apbn, kerjanya, angkatan, masyarakat, selamat, pintar, proses",0.4606
105,"scosummit2025, padat, singkat, asked, polisipembunuhrakyat, baliho, trade, commanding, mewakilkan, world",0.4606
106,"kode, booking, nikmati, staycation, desember, diskon, hemat, aplikasi, berlaku, klaim",0.4606
107,"orang, dimaafkan, begonya, kegocek, obyektif, ngebakar, didunia, unik, mual, malaka",0.4606
108,"telpon, bengkulu, telat, kapolda, gojeknya, syok, mengobati, divonis, rekannya, asuransi",0.4606
